scan,side,cam,frozen_temp,temp_glitches,stale_start_frames,T_start,T_end,tau_T_s,T_inf,rmse_T,tau2_fast_s,tau2_slow_s,rmse_T2,mean_light,mean_dark,tau_mean_s,mean0,mean_inf,tau_std_s,flicker_rms,flicker_pct
1,left,0,False,0,8,36.4375,66.9921875,235.84626984410468,66.10730619243458,1.2676358680794881,13.919172949902341,497.5121575446889,0.16408114656249173,754.904969964653,754.7140707160494,102.96202369568937,748.1615763660692,755.5281715126317,84.29226502827552,0.5598028154536078,0.07415540203422154
1,left,1,False,0,12,37.5,79.58203125,148.12700064347902,77.7547102747622,1.8904464405680614,19.448671813922548,497.5121575446889,0.22574818111696154,287.85970594862806,287.8026837037037,114.95802699385013,285.56438650693616,288.10038437987345,112.7335926950096,0.14408090601837584,0.050052474535664526
1,left,2,False,0,16,38.625,92.6171875,111.40719634735908,90.39192870431391,2.1841982721798887,25.37949617194652,383.8219800528376,0.25349507214196004,148.37483175926968,148.36952982716048,130.8843581824784,147.79616091522172,148.4454146602053,509.25318004404244,0.027640326083963985,0.01862871604047306
1,left,3,False,0,4,39.18359375,96.64453125,112.22695437276082,93.95785189598124,2.2982820135732713,27.142071727047888,410.4779560016246,0.3403178914924479,130.48216195309337,130.4840931604938,321.68548248763057,130.38118853622927,130.51769682294062,555.2728584898407,0.01889773436755419,0.0144830021856533
1,right,0,False,0,12,32.703125,72.875,51.34476070327369,71.570574066543,1.2941438352815426,20.774303618535182,279.42298083866564,0.20174846454273815,999.3415662619509,999.304498506173,74.85353455128154,997.0930275031842,999.4914701401295,76.92058176333369,0.08872488704893229,0.008878334499865626
1,right,1,False,0,16,33.52734375,81.15625,59.2891716902955,79.49335865979018,1.565234913987064,23.760001823141536,298.82857156525324,0.2923904506223694,410.6148053334794,410.52864486419753,128.7208381637863,404.3838366263593,411.3633471960659,133.41745154156757,0.1974201627526558,0.04807916329084181
1,right,2,False,0,4,34.8515625,87.42578125,73.49393939148146,85.36228737499562,1.825521963637056,25.37949617194652,316.67660669464817,0.2983886605522393,161.11640799255088,161.10348870370373,149.10812375199208,160.21085795012783,161.24488728129393,229.3367395457184,0.030728704816885135,0.019072362150915043
1,right,3,False,0,8,35.18359375,93.52734375,88.95103871088497,91.43459512884033,2.020184096563884,27.142071727047888,316.67660669464817,0.29251844817761824,131.0888617948461,131.08657885185184,276.04494955376725,130.96790644735339,131.12459681900336,406.21271193601774,0.019208533513844557,0.014653063006913498
2,left,0,False,0,4,40.53125,68.20703125,165.96703133954722,67.21055839895428,1.2054249681990556,13.030974784750306,410.4779560016246,0.15098780654711091,751.2347790769825,751.1686051851851,169.22188823459092,746.0341799201835,752.0742275203293,145.46115145969677,0.5528715847140813,0.07359504646382006
2,left,1,False,0,8,40.8359375,80.79296875,89.54796912828775,79.13089724918883,1.643947916057552,18.185696980492715,362.1896016624053,0.1583955532348545,287.07178953286723,287.05564032098766,134.98298933416132,285.1145255934163,287.3161883186098,146.7940760515879,0.14224172300692242,0.049549181839979084
2,left,2,False,0,12,41.9375,94.125,73.94314553485714,92.08899950883124,1.7893759262519278,25.37949617194652,316.67660669464817,0.2897721472640224,148.31119294451167,148.30495922222224,125.22018923820173,147.75266927701276,148.37610955108394,340.17941042985933,0.027127554035743708,0.018290968804959354
2,left,3,False,0,16,42.50390625,98.23046875,80.19873689602126,95.96403867688855,2.0115286130204395,29.027056039454493,387.34323488967584,0.2935628322023807,130.49456150436146,130.49256750617283,211.12718436692393,130.37108515741764,130.52092343342258,351.42884526824923,0.019451353160370225,0.014905872655635624
2,right,0,False,0,4,34.74609375,73.70703125,41.13754203610114,72.53084577835683,1.0131845531662547,20.774303618535182,228.44524812649783,0.2605196162286311,998.6282815646493,998.6099027160494,83.90470494703048,996.4338084402543,998.7941422192281,82.94660373546203,0.0914719742964158,0.0091597620441009
2,right,1,False,0,8,34.6640625,81.98828125,49.263197450955985,80.5059100745895,1.3041651040488669,23.760001823141536,263.6745767174308,0.27380525113766646,408.9663555363732,408.9123425432099,114.87974706806187,403.2363671516266,409.57522263148275,116.61602242841327,0.1968469911336596,0.048132808107280156
2,right,2,False,0,12,35.91015625,88.2578125,61.83394506883256,86.61941229397777,1.5605691588430162,25.37949617194652,261.27756730823853,0.26471115477201357,160.94792895561352,160.94018223456789,147.9696702371953,160.1304060288551,161.06297993953348,204.1445278694089,0.03069948006211286,0.01907416905661409
2,right,3,False,0,16,37.671875,94.58203125,71.1272631508746,92.74342426261097,1.694124602223161,27.142071727047888,246.55184680581868,0.2987620293427607,131.0832851012312,131.0827018765432,171.3830606640975,130.9607226372885,131.10343364443406,292.2053668022389,0.01937170215349116,0.014778163469530875
3,left,0,False,0,12,35.98046875,67.22265625,220.32468477408597,66.31550216757367,1.265992493516875,13.919172949902341,438.9851574943069,0.1660889857121037,750.443246463548,750.3304921604938,243.2638075581408,741.6562561247769,752.6418029826584,234.80353854140566,0.5536263012429449,0.07377324052843438
3,left,1,False,0,16,36.58984375,79.734375,145.67857673371705,78.09060165715306,1.880267801127426,19.448671813922548,438.9851574943069,0.22371354496080204,286.9160046446188,286.881911308642,230.45777417015802,284.1342161790022,287.5693334496501,242.82604677659555,0.14261539563106967,0.049706322868853764
3,left,2,False,0,4,37.19140625,93.0703125,112.93853220136003,90.770672329372,2.1917412070489517,25.410105439025152,362.1896016624053,0.2540439188922418,148.25991401118392,148.25335865432098,204.49694923719653,147.63069966942604,148.38866619657392,512.9934935691741,0.02755937346588696,0.018588553520817522
3,left,3,False,0,8,36.62109375,97.0234375,115.69950509346361,94.40870354701835,2.3287189152574324,27.142071727047888,383.8219800528376,0.3486404885954902,130.47961776632727,130.47880872839505,285.58925228675105,130.34509216235236,130.52059559633872,546.415668933748,0.018922900946511844,0.01450257233309834
3,right,0,False,0,12,32.09765625,73.17578125,53.10117093429615,71.90634321998537,1.3020573975341814,20.774303618535182,261.27756730823853,0.20462702381994374,998.568034614969,998.5361421358025,162.29450227932278,995.9333500682775,998.9806284247156,163.95541914989326,0.09083466282874497,0.009096492144750987
3,right,1,False,0,16,32.1640625,81.53515625,62.32775401632029,79.82560964894068,1.6143631087899082,23.760001823141536,279.42298083866564,0.27430273702745345,408.6056565270626,408.5259931975309,187.50301461076702,401.0344869675687,410.0064308120773,190.79179543288376,0.1954597926776365,0.04783580196587192
3,right,2,False,0,4,32.8046875,87.7265625,79.30401115131734,85.79506806945216,1.8995371485295982,27.142071727047888,316.67660669464817,0.281130726550984,160.8827719290364,160.87139745679013,200.6717317761445,159.83496144469666,161.09257502719254,279.38901463828313,0.030593078267201677,0.019015757809478784
3,right,3,False,0,8,32.5390625,93.98046875,94.17330187238241,91.8293637509971,2.0876296798035323,27.142071727047888,298.82857156525324,0.297639189354079,131.068002783124,131.06826727160495,287.0529298484429,130.94047812738347,131.10749350008,432.586262479134,0.019175122164897137,0.014629903376666146
4,left,0,False,0,16,34.3125,66.69140625,248.11864902018598,65.86864907489976,1.2704014643602,13.919172949902341,434.99443693979117,0.18038466623905863,752.0464067815036,751.8528613703703,193.6943617747061,742.8653271893288,753.7973228201681,182.29436862121878,0.5579069444477956,0.07418517519888737
4,left,1,False,0,4,34.84375,79.203125,172.72254563087625,77.49798695986642,1.9273123723140755,19.425243749395023,465.20427861516106,0.2626016958827274,287.43286257640386,287.37343082716046,201.59438289537422,284.6033379370694,287.99939719966153,207.56590637806153,0.14353020804564667,0.049935211568751726
4,left,2,False,0,8,34.40625,92.390625,136.9916126894987,90.0978882253631,2.3527452201840275,23.73138028737741,383.8219800528376,0.2410317167390213,148.3195483344532,148.3109177160494,191.09279921605955,147.6736094411737,148.44136066246344,605.2198320202517,0.027704289371436416,0.018678784882060605
4,left,3,False,0,12,34.5078125,96.1953125,136.5425756675734,93.61135449724453,2.4461532139887754,25.37949617194652,383.8219800528376,0.3171059183683197,130.4785783519813,130.47732093827162,284.6846498050549,130.35099592612542,130.51730515015115,687.8537330236536,0.01956712187001656,0.014996424790306918
4,right,0,False,0,8,30.88671875,72.94921875,61.085431168580854,71.43131478330194,1.4639473701746766,20.774303618535182,279.42298083866564,0.1826875047386874,998.9793311110949,998.9402166419752,139.71755674101752,996.3805128421769,999.32272984434,143.61909497814375,0.08983884412428515,0.008993063352408272
4,right,1,False,0,12,31.10546875,81.08203125,68.17188987047462,79.26246704926693,1.7744046752946392,23.760001823141536,319.5818572821296,0.24037500512168833,409.3806661157273,409.2829061358024,170.434432143101,401.60712974481334,410.6678081235745,167.0349283853952,0.19652469375344017,0.048005367624734105
4,right,2,False,0,16,31.3671875,87.2734375,86.17352118068702,85.11853401552256,2.0097386116262452,27.142071727047888,338.6694170345718,0.2731507605569177,160.97211958185005,160.95983608641976,186.94524253555278,159.8677449325782,161.1755689434189,273.8630278703778,0.03064810144817156,0.01903938491198646
4,right,3,False,0,4,31.484375,93.375,103.99507701805183,91.16233221905327,2.2333428203943244,27.142071727047888,316.67660669464817,0.27754421538365454,131.06871579504622,131.0699068271605,222.92411721722863,130.9385681755526,131.09846515649227,506.44794490019365,0.018238183491886547,0.013914978399884394
5,left,0,False,0,16,33.328125,66.3125,262.18079669513963,65.62844837165511,1.2789207116513435,13.919172949902341,465.20427861516106,0.18103189228831643,753.4546457426967,753.4242168024692,161.26799920082215,744.3650739950623,754.8556760835949,145.20658551486582,0.5623194064322624,0.07463215066886632
5,left,1,False,0,4,33.859375,78.8984375,183.363778426323,77.15915371894219,1.9484707830778005,19.425243749395023,465.20427861516106,0.2734334482002082,287.84723180508723,287.8360808765432,165.3326175474774,285.03408424190275,288.29394046855964,164.6982037554076,0.1453240374940886,0.05048651556687307
5,left,2,False,0,8,33.3515625,92.16796875,147.10873686415536,89.69867695012047,2.415435065856226,25.37949617194652,410.4779560016246,0.24458248664324433,148.36461926980218,148.36109313580246,177.64349470688484,147.71233473605912,148.47764637466975,671.2136766070453,0.02791767626121945,0.018816936543645184
5,left,3,False,0,12,33.30078125,95.890625,144.3456521418259,93.15762965184454,2.4871245383486453,25.37949617194652,383.8219800528376,0.3104420272268685,130.48020349499205,130.4778951111111,291.86930138058307,130.35977232983794,130.5181444719118,770.5093299421426,0.019533340033217897,0.01497034761596429
5,right,0,False,0,8,30.20703125,72.6484375,63.85966661951576,71.13657985786578,1.5031967927075287,20.774303618535182,296.1119846773757,0.1784118197615263,999.1899499195811,999.1664412962963,113.75829022676179,996.4585657933973,999.4762868347627,118.47895736932688,0.08908290421114178,0.008915512432677243
5,right,1,False,0,12,30.5,81.00390625,68.60307302108319,78.93894753177102,1.7581812758906172,25.37949617194652,338.6694170345721,0.24369599167588937,409.58158878937485,409.51544925925924,138.13006620429545,401.80176997027644,410.5936663613922,128.77475818747678,0.19639413192694202,0.04794994142862624
5,right,2,False,0,16,30.91015625,87.046875,88.35084688980439,84.79142151255486,2.035348201467768,27.142071727047888,338.6694170345721,0.26083264444682575,161.00388944464152,160.99843056790124,171.89469839398748,159.95050937782565,161.17999899271283,266.8021809813488,0.030779969854746257,0.01911753185647694
5,right,3,False,0,4,30.87890625,93.22265625,107.95998926157057,90.86329090975224,2.282446899631311,27.142071727047888,316.67660669464817,0.2765642500259585,131.05739448994242,131.05477786419755,214.45487127538928,130.9353806691039,131.08381343517155,530.928614743633,0.01832588915883252,0.013983102006685235
6,left,0,False,0,4,33.25390625,66.0859375,264.0171909768286,65.33703723962151,1.2801489951591374,13.919172949902341,465.20427861516106,0.19400523599425523,754.0040115164655,753.8547707777777,145.20658551486582,745.1389417895529,755.2160908625516,126.01325594268638,0.5600816826710046,0.07428099507647962
6,left,1,False,0,8,32.87109375,78.51953125,182.97292198054072,76.78841476581412,1.9439820404489199,19.425243749395023,465.20427861516106,0.2742598881085926,288.0308212870321,287.9866055679012,160.45823774921058,285.2984260133773,288.4503586907076,156.06850696222168,0.14423676537811492,0.05007685105837277
6,left,2,False,0,12,33.05078125,91.640625,151.10751063982877,89.3812527121004,2.4352774837432896,23.760001823141536,410.4779560016246,0.21349680560497988,148.3883839618306,148.3811354814815,169.3302590480355,147.7461154444019,148.49371483703717,670.7700195903625,0.028069459206146147,0.01891621059325395
6,left,3,False,0,16,33.078125,95.44140625,148.18709551121557,92.82344172211002,2.511881692264876,25.37949617194652,383.8219800528376,0.28549591282993564,130.47531904223882,130.47505579012346,367.8508989108243,130.36860274290052,130.52018979510595,791.8591360140597,0.019267569760409546,0.014767214138155928
6,right,0,False,0,16,30.43359375,72.421875,66.80468554329917,70.9689701234467,1.539873705037914,20.774303618535182,296.1119846773757,0.1885934749090224,999.2597010693894,999.2282566419753,112.22695437276082,996.6963320931214,999.5241679039403,114.04150965890047,0.0888945643741251,0.008896042167916085
6,right,1,False,0,4,30.57421875,80.62890625,71.39553669407124,78.76302576570225,1.811985036712959,23.760001823141536,319.5818572821296,0.2440982067347502,409.38420707418925,409.29266075308635,138.0328306657483,401.8365583809069,410.36467693788404,128.40518484707968,0.1968373178651071,0.04808131688124353
6,right,2,False,0,8,30.609375,86.8203125,89.58691739598854,84.58062172122416,2.0513251322223,27.142071727047888,338.6694170345718,0.2610562841981712,161.01210711093952,161.0038639506173,164.6982037554076,159.99527920463058,161.17373116688753,245.99371354974028,0.03069187892705594,0.01906184539645135
6,right,3,False,0,12,30.19921875,92.99609375,109.44762300597358,90.66464592718938,2.2941681433537777,27.142071727047888,316.67660669464817,0.2653188376857131,131.0738683675863,131.07185959259257,165.3326175474774,130.9194007782307,131.098446496244,531.2857829031378,0.018446053997442837,0.014073021745045577
7,left,0,False,0,16,32.796875,65.93359375,264.24754257796224,65.19867409659795,1.2751818110694044,13.919172949902341,465.20427861516106,0.1922078025810479,754.3741464620796,754.2154624691358,133.78702488196467,745.8098895563553,755.4409596493435,112.35361395332302,0.5554476919701743,0.07363026617165429
7,left,1,False,0,4,33.17578125,78.3671875,183.80076921742955,76.62869146225358,1.9352637696824102,19.448671813922548,469.47214992353634,0.27866318611135044,288.1810349061482,288.13881719753084,148.50175632378304,285.48482635503416,288.5601238582477,142.18893484770544,0.14389695266863825,0.04993283222662487
7,left,2,False,0,8,32.6015625,91.48828125,151.10751063982877,89.17886437745469,2.4409574393355205,23.760001823141536,410.4779560016246,0.21942929364616368,148.39808200160698,148.3918682839506,166.8181867585061,147.7690241143509,148.49940154050228,671.2136766070453,0.028037448727986417,0.018893403708332836
7,left,3,False,0,12,32.3984375,95.2890625,148.95079334570835,92.63751678421741,2.5148393264094975,25.37949617194652,383.8219800528376,0.28693197990927677,130.48356276122797,130.48092683950617,260.1204771543306,130.35932573597762,130.51774880262906,811.6369282494172,0.01914955530786892,0.014675837249256226
7,right,0,True,0,48006,72.34375,72.34375,,,,,,,999.2919684191711,999.2644717283949,103.07566880119948,996.8133336689331,999.5255765910056,102.59426040894841,0.0886532433412254,0.008871605711138689
7,right,1,True,0,48006,80.4765625,80.4765625,,,,,,,409.25237457241843,409.17805293827155,137.87550025946456,401.7622045459547,410.2252859602157,127.06805594018718,0.19594247709068943,0.04787815276463761
7,right,2,True,0,48006,86.8203125,86.8203125,,,,,,,161.0133580375449,161.00048497530864,150.6584736179035,159.94223285783738,161.16721333896564,226.64458428481095,0.03050529636736927,0.018945817129195013
7,right,3,True,0,48006,93.1484375,93.1484375,,,,,,,131.05985508859254,131.0590721604938,214.84765143450625,130.90782778095428,131.0928290928805,534.3117601092599,0.018529189236958725,0.014137959502880227
8,left,0,False,0,16,36.96875,67.0703125,211.8554388322466,66.13466546846348,1.2493009583382975,13.919172949902341,438.9851574943069,0.16598246972043001,750.4008785982596,750.3998204814816,206.07302550738973,742.765286515013,751.9699414873127,198.1215868021098,0.5560947372318685,0.07410635476209027
8,left,1,False,0,4,37.6484375,79.58203125,133.50469597257296,77.89484570634352,1.8415630149817253,19.448671813922548,438.9851574943069,0.22320207588543892,287.30737967663384,287.302048308642,193.50833120596113,284.9309236978008,287.7602056873411,202.16461264681632,0.14324723526196587,0.04985852971239078
8,left,2,False,0,8,37.5703125,92.76953125,105.18518401357426,90.63471627934891,2.1173107562732016,25.37949617194652,338.6694170345721,0.25773669915055925,148.32592589072283,148.3208873580247,173.23418336076622,147.7338713600049,148.42539427530448,468.42774889919497,0.027395996505018377,0.018470133485094183
8,left,3,False,0,12,37.90234375,96.72265625,107.11081758257855,94.2366991097121,2.243111405682059,27.142071727047888,362.1896016624053,0.3375483192822048,130.48363263515148,130.48377219753087,273.1887769898153,130.35440379229007,130.5210573957565,490.789111574329,0.0193435423424223,0.014824497104942854
8,right,0,True,0,48014,72.34375,72.34375,,,,,,,998.4898683312954,998.4798117160494,132.591060429768,996.0991453986477,998.7874316929393,134.15659822236177,0.0907990937691887,0.009093641973647136
8,right,1,True,0,48014,80.4765625,80.4765625,,,,,,,407.5122858716718,407.48646237037036,163.60472383080975,400.7592598871074,408.57822446087545,156.74431472163883,0.19355798996537052,0.04749746122410728
8,right,2,True,0,48014,86.8203125,86.8203125,,,,,,,160.82565295446958,160.81982980246914,180.48938026987435,159.84458733748258,160.99909194051816,238.07454661687848,0.03042752665456978,0.01891957290121119
8,right,3,True,0,48014,93.1484375,93.1484375,,,,,,,131.06439031662632,131.06678956790122,174.88987783454382,130.9130350382625,131.09054249840327,394.375730057886,0.018385172094280786,0.014027587546751449
9,left,0,False,0,8,33.328125,66.234375,252.36851996107737,65.47813923140616,1.2784956102062353,14.885842809008707,465.20427861516106,0.1910598112403246,751.9093068357573,751.8598798518518,177.95970421388364,742.6874268266695,753.5026800210914,163.429376171268,0.5577566726998097,0.0741787164527866
9,left,1,False,0,12,33.78125,78.82421875,173.2803177060905,77.00638939675997,1.9319335983328723,20.774303618535182,465.20427861516106,0.27286283182928245,287.67106207176096,287.650680691358,181.31722750676312,284.83950982967065,288.1718663087293,182.34050296654306,0.14438780284043776,0.05019198031271547
9,left,2,False,0,16,33.95703125,92.08984375,141.93436890287452,89.63813830360694,2.3972535958806853,25.37949617194652,410.4779560016246,0.2416613183865205,148.35520758379064,148.35044214814818,184.0708443791041,147.7061601770692,148.47242067710383,642.8537954855768,0.0278653473521453,0.018782857579439552
9,left,3,False,0,4,34.1328125,95.890625,140.48125457551026,93.13661759785174,2.4800838265223333,27.142071727047888,410.4779560016246,0.31778770859976235,130.4796972620245,130.47885217283948,301.41907347167773,130.35465585708855,130.52075402649714,746.9744524171907,0.01936784549227777,0.014843570224863396
9,right,0,True,0,48013,72.34375,72.34375,,,,,,,998.7444477434843,998.7212571604939,128.80808259479173,995.9855369943909,999.0766652624488,133.55861599626343,0.08991812822188995,0.009003116705684492
9,right,1,True,0,48013,80.4765625,80.4765625,,,,,,,407.79353136395883,407.7346999876544,167.0349283853952,400.2124038424585,409.01871772355054,159.0810393516264,0.19355088724473984,0.047462961611324385
9,right,2,True,0,48013,86.8203125,86.8203125,,,,,,,160.86674781864656,160.85688043209873,181.5873026684377,159.83495949684465,161.05040612176768,266.31428846078484,0.03052966720414272,0.018978233611436218
9,right,3,True,0,48013,93.1484375,93.1484375,,,,,,,131.04959892926155,131.04740450617285,216.84696919494456,130.88556993374456,131.08555851975743,491.4300486908365,0.018268747315308927,0.013940330580614826
10,left,0,False,0,8,32.796875,66.0078125,260.39102819626726,65.25826752949872,1.272456200833052,13.919172949902341,465.20427861516106,0.2011392358290964,752.8903783922586,752.7092831111111,159.78242998979346,744.0917012555852,754.2344918247111,140.32392416922656,0.5586631662681047,0.07420245792768508
10,left,1,False,0,12,33.1015625,78.4453125,180.1270364175512,76.71273384895105,1.9228042927532512,19.448671813922548,438.9851574943069,0.28015408181347806,287.9560356461763,287.9086034938272,167.16888207758961,285.1753065236232,288.40408644682867,164.130766809435,0.14401340829928383,0.050012290235943925
10,left,2,False,0,16,33.50390625,91.48828125,148.3444259174993,89.29860299663716,2.4164699388121913,25.37949617194652,410.4779560016246,0.22332433739339005,148.38864361934273,148.37885867901235,169.7735005356442,147.74337544393634,148.49480053009611,645.8946659159624,0.028075890699862244,0.01892051171509091
10,left,3,False,0,4,33.453125,95.2890625,145.61848186598047,92.7587055892535,2.4931770452710746,25.37949617194652,383.8219800528376,0.31015341088601567,130.47399835808034,130.47437819753085,367.69144940865806,130.36528188572123,130.51972838764775,777.6419283977896,0.01895667783207132,0.014529084775991553
10,right,0,True,0,48015,72.34375,72.34375,,,,,,,998.9311142419195,998.8918327037037,124.25263367170632,996.4003023258263,999.2234968727838,125.67700700960421,0.08961661855287713,0.008971251097818335
10,right,1,True,0,48015,80.4765625,80.4765625,,,,,,,408.0924767774648,407.9977336790123,155.5424639835964,400.48918893536813,409.2249394113133,144.9520195700349,0.19567831457884793,0.047949503045005275
10,right,2,True,0,48015,86.8203125,86.8203125,,,,,,,160.89910671745434,160.8871714197531,162.36147912542,159.7931646258393,161.0720017168017,240.4305602642132,0.030634950355333812,0.019039851109385015
10,right,3,True,0,48015,93.1484375,93.1484375,,,,,,,131.05408118276472,131.0541191851852,205.93841252325657,130.8745408315911,131.09091052320719,509.25318004404244,0.01866618775872321,0.01424311825336581
